DATE | LGE | LEFT | RIGHT | START | 1 | 2 | 3 | SERIES | TOTAL | GAMES | AVE | ------ | STRIKES | ------- | ------ | SPARES | ------ | --- | OPENS | ---
9-8-92 | BL | 11 | 12 | 11 | 225 | 177 | 258 | 660 | 660 | 3 | 220-00 | 20-33 | 20-33 | .606 | 11-11 | 11-11 | 1.000 | 2 | 2 | .933
9-15-92 | BL | 1 | 2 | 2 | 170 | 253 | 242 | 665 | 1325 | 6 | 220-05 | 19-33 | 39-66 | .591 | 7-9 | 18-20 | .900 | 4 | 6 | .900
9-22-92 | BL | 3 | 4 | 3 | 212 | 199 | 235 | 646 | 1971 | 9 | 219-00 | 19-35 | 58-101 | .574 | 12-13 | 30-33 | .909 | 2 | 8 | .911
9-29-92 | BL | 13 | 14 | 14 | 243 | 156 | 257 | 656 | 2627 | 12 | 218-11 | 21-34 | 79-135 | .585 | 7-8 | 37-41 | .902 | 3 | 11 | .908
10-6-92 | BL | 19 | 20 | 19 | 184 | 214 | 202 | 600 | 3227 | 15 | 215-02 | 16-33 | 95-168 | .565 | 13-14 | 50-55 | .909 | 4 | 15 | .900
10-13-92 | BL | 9 | 10 | 10 | 140 | 184 | 202 | 526 | 3753 | 18 | 208-09 | 12-34 | 107-202 | .530 | 13-14 | 63-69 | .913 | 6 | 21 | .883
10-20-92 | BL | 5 | 6 | 5 | 256 | 268 | 203 | 727 | 4480 | 21 | 213-07 | 22-35 | 129-237 | .544 | 9-9 | 72-78 | .923 | 1 | 22 | .895
10-27-92 | BL | 17 | 18 | 18 | 256 | 237 | 204 | 697 | 5177 | 24 | 215-17 | 21-34 | 150-271 | .554 | 11-12 | 83-90 | .922 | 1 | 23 | .
11-3-92 | BL | 7 | 8 | 7 | 245 | 244 | 199 | 688 | 5865 | 27 | 217-06 | 21-33 | 171-304 | .563 | 8-10 | 91-100 | .910 | 3 | 26 | .904
11-10-92 | BL | 11 | 12 | 12 | 196 | 200 | 221 | 617 | 6482 | 30 | 216-02 | 14-34 | 185-338 | .547 | 13-14 | 104-114 | .912 | 4 | 30 | .900
11-17-92 | BL | 11 | 12 | 11 | 200 | 243 | 267 | 710 | 7192 | 33 | 217-31 | 19-33 | 204-371 | .550 | 11-11 | 115-125 | .920 | - | 30 | .909
11-24-92 | BL | 5 | 6 | 6 | 246 | 199 | 190 | 635 | 7827 | 36 | 217-15 | 21-34 | 225-405 | .556 | 6-8 | 121-133 | .910 | 6 | 36 | .900
12-1-92 | BL |  |  |  |  |  |  |  |  |  |  |  |  |  |  |  |  |  |  | 
12-8-92 | BL | 13 | 14 | 14 | 216 | 237 | 256 | 709 | 8536 | 39 | 218-34 | 25-35 | 250-440 | .568 | 9-9 | 130-142 | .915 | 1 | 37 | .905
12-15-92 | BL | 7 | 8 | 7 | 257 | 224 | 234 | 715 | 9251 | 42 | 220-11 | 22-35 | 272-475 | .573 | 11-11 | 141-153 | .922 | - | 37 | .912
12-22-92 | BL | 7 | 8 | 8 | 169 | 213 | 187 | 569 | 9820 | 45 | 218-10 | 16-34 | 288-509 | .566 | 11-15 | 152-168 | .905 | 6 | 43 | .904
12-29-92 | BL | 11 | 12 | 11 | 206 | 177 | 223 | 606 | 10426 | 48 | 217-10 | 17-32 | 305-541 | .564 | 10-10 | 162-178 | .910 | 4 | 47 | .902
1-5-93 | BL | 3 | 4 | 4 | 186 | 213 | 181 | 580 | 11006 | 51 | 215-41 | 11-33 | 316-574 | .551 | 19-20 | 181-198 | .914 | 2 | 49 | .904
1-12-93 | BL | 9 | 10 | 9 | 173 | 202 | 162 | 537 | 11543 | 54 | 213-41 | 14-32 | 330-606 | .545 | 7-11 | 188-209 | .900 | 9 | 58 | .893
1-19-93 | BL | 11 | 12 | 12 | 237 | 211 | 184 | 632 | 12175 | 57 | 213-34 | 17-33 | 347-639 | .543 | 12-12 | 200-221 | .905 | 1 | 59 | .896
1-26-93 | BL | 7 | 8 | 7 | 194 | 234 | 225 | 653 | 12828 | 60 | 213-48 | 16-33 | 363-672 | .540 | 13-15 | 213-236 | .903 | 2 | 61 | .898
2-2-93 | BL | 1 | 2 | 2 | 183 | 152 | 200 | 535 | 13363 | 63 | 212-07 | 13-34 | 376-706 | .533 | 8-9 | 221-245 | .902 | 8 | 69 | .890
2-9-93 | BL | 11 | 12 | 11 | 233 | 256 | 206 | 695 | 14058 | 66 | 213-00 | 22-35 | 398-741 | .537 | 9-9 | 230-254 | .906 | 1 | 70 | .894
2-16-93 | BL |  |  |  |  |  |  |  |  |  |  |  |  |  |  |  |  |  |  | 
2-23-93 | BL |  |  |  |  |  |  |  |  |  |  |  |  |  |  |  |  |  |  | 
3-2-93 | BL |  |  |  |  |  |  |  |  |  |  |  |  |  |  |  |  |  |  | 
3-9-93 | BL |  |  |  |  |  |  |  |  |  |  |  |  |  |  |  |  |  |  | 
3-16-93 | BL |  |  |  |  |  |  |  |  |  |  |  |  |  |  |  |  |  |  | 
3-23-93 | BL | 17 | 18 | 17 | 203 | 176 | 202 | 581 | 14639 | 69 | 212-11 | 14-31 | 412-772 | .534 | 10-14 | 240-268 | .896 | 6 | 76 | .890
3-30-93 | BL | 15 | 16 | 16 | 228 | 205 | 213 | 646 | 15285 | 72 | 212-21 | 20-32 | 432-804 | .537 | 9-11 | 249-279 | .892 | 3 | 79 | .890
4-6-93 | BL | 25 | 26 | 25 | 200 | 196 | 170 | 566 | 15851 | 75 | 211-26 | 13-33 | 445-837 | .532 | 14-15 | 263-294 | .895 | 3 | 82 | .891
4-13-93 | BL | 7 | 8 | 8 | 241 | 258 | 224 | 723 | 16574 | 78 | 212-38 | 23-34 | 468-871 | .537 | 8-8 | 271-302 | .897 | 1 | 83 | .894
4-20-93 | BL | 9 | 10 | 9 | 196 | 196 | 226 | 618 | 17192 | 81 | 212-20 | 19-35 | 487-906 | .538 | 12-13 | 283-315 | .898 | 2 | 85 | .895
4-27-93 | BL | 11 | 12 | 12 | 156 | 228 | 228 | 612 | 17804 | 84 | 211-80 | 19-34 | 506-940 | .538 | 9-9 | 292-324 | .901 | 6 | 91 | .892
5-4-93 | BL-P | 5 | 6 | 5 | 196 | 190 | 231 | 617 | 18421 | 87 | 211-64 | 16-34 | 522-974 | .536 | 14-16 | 306-340 | .900 | 2 | 93 | .893
5-5-93 | BL-P | 9 | 10 | 10 | 193 | 236 | 212 | 641 | 19062 | 90 | 211-72 | 20-35 | 542-1009 | .537 | 11-13 | 317-353 | .898 | 3 | 96 | .893
 |  |  |  |  | 6240 | 6378 | 6444 |  | - |  |  | 18.1-33.6 |  |  | 10.8-11.8 |  |  | 3.2 |  | 
 |  |  | (30) | (30) | 208 | 213 | 215 | 635 |  |  |  |  |  |  |  |  |  |  |  | 
 |  |  | HIGH: | HIGH: | 256 | 268 | 267 | 727 |  |  |  |  |  |  |  |  |  |  |  | 
 |  |  | LOW: | LOW: | 140 | 152 | 162 | 526 |  |  |  |  |  |  |  |  |  |  |  | 
